Region,Fold,Model,Penalty,AUROC,CalibrationSlope,CalibrationIntercept
1,1,Local,none,0.7660628998828513,0.312101332965072,0.14547085781641686
1,1,Centralized,none,0.7743534288546454,0.3208309890307025,0.2061859651388153
1,1,FL,none,0.7756150310894836,0.31972097558996176,0.20755900153000653
1,2,Local,none,0.8680724520140578,1.0557141152410692,0.0257802463189677
1,2,Centralized,none,0.845904298459043,0.6114058107129708,0.16519870620111957
1,2,FL,none,0.8455438406776606,0.6168180206170482,0.16423108918959023
1,3,Local,none,0.8838424799495359,0.570846936845624,0.1270416403760569
1,3,Centralized,none,0.8934847256015139,0.8319236201712887,0.052626828715188784
1,3,FL,none,0.8946562133910065,0.9066418512161839,0.06657702293156682
1,4,Local,none,0.8732610659439928,0.36275397480683025,0.19954270136332708
1,4,Centralized,none,0.8716350496838302,0.5242725462415594,0.17109549692538642
1,4,FL,none,0.8706413730803975,0.5237509312671997,0.16905181655573848
1,5,Local,none,0.8399277326106594,1.354197140471893,-0.11441927639527075
1,5,Centralized,none,0.837037037037037,1.828167889255253,-0.1696506376673029
1,5,FL,none,0.8365853658536585,1.8395261220320465,-0.17417977829141398
2,1,Local,none,0.8388113282808137,0.5970254423816009,0.08814099575470245
2,1,Centralized,none,0.8299162345432788,0.6461503353452135,0.05474893388721694
2,1,FL,none,0.8295173514160351,0.6639159979827939,0.05953319357345507
2,2,Local,none,0.848384523334663,1.3785694802084763,-0.08327666494068486
2,2,Centralized,none,0.8652173913043478,1.2021157076133155,-0.026886376388042182
2,2,FL,none,0.865017949740726,1.2761649758286189,0.0016252096325584278
2,3,Local,none,0.794006116207951,0.5103394511195434,0.10005808514228227
2,3,Centralized,none,0.8050968399592253,1.1176069923915817,-0.02532053121110087
2,3,FL,none,0.8067686034658512,1.1757274801619837,-0.050597824320197236
2,4,Local,none,0.837116368286445,0.6583015024914123,0.13092235595243482
2,4,Centralized,none,0.8376358695652174,1.1420893561313343,-0.016445023140496853
2,4,FL,none,0.8379156010230179,1.1543414788483897,-0.017760857817100406
2,5,Local,none,0.7441656010230179,0.7977537110914598,-0.020478604345432378
2,5,Centralized,none,0.7500799232736572,1.222845358471916,-0.08693211637136072
2,5,FL,none,0.7490009590792839,1.2267585988114418,-0.08609498982168794
3,1,Local,none,0.8141197497765862,0.8905594696044701,0.04678135780776794
3,1,Centralized,none,0.8194816800714924,0.9458161849363039,0.01485844543330868
3,1,FL,none,0.818669266390446,0.9366792252271924,0.02172236426176961
3,2,Local,none,0.7916971321797059,0.5543525546354454,0.07238797960955844
3,2,Centralized,none,0.8006336826712162,0.50381771010519,0.06176019435235422
3,2,FL,none,0.8015273377203672,0.49810395487074727,0.061683417301818685
3,3,Local,none,0.8520594686814525,0.765786414710268,0.0706377390178185
3,3,Centralized,none,0.8739133967016005,0.8104270616384883,0.0473296616994861
3,3,FL,none,0.8761881550085303,0.8147075773310648,0.044399022000762595
3,4,Local,none,0.8416605735640588,0.5785996999510566,0.06831007081725797
3,4,Centralized,none,0.8620521569583232,0.798903130501656,0.027373088549262084
3,4,FL,none,0.8619709155902185,0.9660936258100357,-0.004480865363237282
3,5,Local,none,0.7624130297280203,1.075375606616659,-0.02682772272444586
3,5,Centralized,none,0.7727703984819735,0.8313362752556852,0.04355127522253422
3,5,FL,none,0.7718216318785579,0.8344645410888656,0.04376042065707961
4,1,Local,none,0.8219839371155161,0.30076970503075307,0.19155247864800237
4,1,Centralized,none,0.8339883800410116,0.25549035547961796,0.20351094533679556
4,1,FL,none,0.8340738209159262,0.2429677069642864,0.20584751515401514
4,2,Local,none,0.8685959083755901,0.9564463518860248,0.11537804534184867
4,2,Centralized,none,0.8737104388879174,0.7076717054840864,0.2544765785691161
4,2,FL,none,0.8732732995278895,0.7052084614493449,0.2558293522983139
4,3,Local,none,0.8244448330127645,0.7822936421328477,-0.00627766291596122
4,3,Centralized,none,0.8295593635250919,0.814635650279118,0.03212000913080862
4,3,FL,none,0.8286850848050359,0.802912782248846,0.023963458927095234
4,4,Local,none,0.8101940898758524,1.365148049231191,-0.09633925445280729
4,4,Centralized,none,0.8111120825319111,1.5691012620988245,-0.06788930937538605
4,4,FL,none,0.8108935128518971,1.5433525101036805,-0.08205242424038546
4,5,Local,none,0.8382554357130628,0.9845691747679327,-0.018352637758071774
4,5,Centralized,none,0.8365005992124637,1.0489950352460877,0.08706093259033218
4,5,FL,none,0.8362437938709125,1.0447992722782076,0.09101609942450069
5,1,Local,none,0.7955920484010371,0.7528407077562093,0.05103980544423408
5,1,Centralized,none,0.8086646499567848,0.5323270334011648,0.04779461020925946
5,1,FL,none,0.807152117545376,0.5345717552357412,0.04789677536487824
5,2,Local,none,0.839019300991132,1.2765467767109104,0.0038151951389663163
5,2,Centralized,none,0.82660406885759,1.1145752170924428,0.015498274144934496
5,2,FL,none,0.8267083985393845,1.2595406868437575,0.015657409460876688
5,3,Local,none,0.8350547730829421,1.3765916249537018,-0.04251911302699318
5,3,Centralized,none,0.854564423578508,1.6492409283294023,-0.06441083217086968
5,3,FL,none,0.8535211267605634,1.6578414462775457,-0.042470750941267656
5,4,Local,none,0.778925404277517,1.2433826165120812,-0.11980497811907805
5,4,Centralized,none,0.7728742827334376,1.2157863785561078,-0.056462319911857635
5,4,FL,none,0.7727699530516432,1.2261251227956884,-0.04249734060508255
5,5,Local,none,0.8471289274106175,0.05640649285355639,0.19846878669487125
5,5,Centralized,none,0.8595882990249187,0.10902965227280446,0.18917836029723456
5,5,FL,none,0.8614301191765981,0.09546254390320093,0.19850735104861109
6,1,Local,none,0.8390166534496432,1.624032769968764,-0.11254742386912349
6,1,Centralized,none,0.8314829500396511,1.1357283175721204,0.048123739472882926
6,1,FL,none,0.83055775839281,1.1296656786294577,0.05491101137204673
6,2,Local,none,0.8158868622786148,0.9467274387943299,-0.04262276690099079
6,2,Centralized,none,0.7980438805181074,1.189697947308255,-0.08569653267338165
6,2,FL,none,0.7936822627544277,1.202776942826104,-0.088190325579837
6,3,Local,none,0.7642401021711367,0.9115576363742368,0.0024685825065605873
6,3,Centralized,none,0.7848020434227331,0.5177167328498635,0.06934401917443936
6,3,FL,none,0.7831417624521073,0.507286021505845,0.09042298940623666
6,4,Local,none,0.7328224776500638,1.2236005215306656,-0.07249029539886095
6,4,Centralized,none,0.7455938697318008,1.388577975927732,-0.04398821067443374
6,4,FL,none,0.7450830140485313,1.4332997534095682,-0.02023619739111902
6,5,Local,none,0.7277139208173691,0.453668720918826,0.06924343070663601
6,5,Centralized,none,0.7897828863346105,0.3815007586064003,0.125879051981113
6,5,FL,none,0.7899106002554278,0.33575312525289946,0.1638224789171996
7,1,Local,none,0.7744169096209913,0.9407188442728432,-0.013490058523052798
7,1,Centralized,none,0.7950680272108843,1.140522560472649,-0.05407166723200588
7,1,FL,none,0.7945821185617103,1.1729986007837976,-0.06212872793751585
7,2,Local,none,0.8574263038548753,1.2516779715990578,-0.011470178504930916
7,2,Centralized,none,0.8477891156462585,1.262287902798482,-0.03309974295262653
7,2,FL,none,0.8468577907353417,1.261561349730574,-0.025651305761248713
7,3,Local,none,0.81859410430839,0.9094875867302136,0.0036812459769117066
7,3,Centralized,none,0.8325234855847101,1.0257439351313884,-0.006953439984997134
7,3,FL,none,0.8325234855847101,0.9371573089407057,-0.0174203540178346
7,4,Local,none,0.8259232264334305,-0.0333266188449772,0.19871216738301717
7,4,Centralized,none,0.8114269517330742,0.24348571127635676,0.1652877005765876
7,4,FL,none,0.8105361192095886,0.2476667168764385,0.16103879111281158
7,5,Local,none,0.7640347054395626,0.5747411994120961,0.01624425501762987
7,5,Centralized,none,0.7821797868547204,0.8239619651712764,-0.016121206989357612
7,5,FL,none,0.782219404936413,0.8191189480394246,-0.018346015245755225
8,1,Local,none,0.8181511470985156,0.9757423821047148,0.058878056916363795
8,1,Centralized,none,0.8217659533449008,0.25808225030587006,0.20656900184564184
8,1,FL,none,0.8207056101792944,0.5094923894998359,0.17538081607288267
8,2,Local,none,0.8144243144243144,0.7184280488637612,0.0450565700542207
8,2,Centralized,none,0.8289278289278289,0.7229000961146331,0.028759003655057975
8,2,FL,none,0.8294723294723295,0.7245963382210788,0.030592803868785268
8,3,Local,none,0.8960993960993962,0.6181975489057664,0.05329055320701331
8,3,Centralized,none,0.9116919116919117,0.441862655679635,0.1613308568441101
8,3,FL,none,0.9114444114444115,0.4497067491572182,0.16580894936935253
8,4,Local,none,0.8121197489135683,1.368511079155218,-0.06146612279909627
8,4,Centralized,none,0.8221632061805891,1.4130917585689944,-0.10856015199615676
8,4,FL,none,0.8212457749879285,1.373213247847626,-0.10534585761276571
8,5,Local,none,0.7871559633027523,0.6036762468815826,0.0220738232915256
8,5,Centralized,none,0.7833896668276195,0.8726522806089353,-0.034348670670600503
8,5,FL,none,0.7843553838725253,0.8685088173256458,-0.030274105364084383
9,1,Local,none,0.8078544061302682,1.176533120895193,-0.10113406922036006
9,1,Centralized,none,0.8131800766283525,1.2570148484756882,-0.06321822573223883
9,1,FL,none,0.8133716475095786,1.1554717871951994,-0.04504351629141816
9,2,Local,none,0.8118773946360153,0.42126015507550185,0.18014788298203915
9,2,Centralized,none,0.8006130268199234,0.4828834816120216,0.1966750784418998
9,2,FL,none,0.8009578544061303,0.4814928298342927,0.1957860784218339
9,3,Local,none,0.8336015325670498,0.8657484305247015,-0.002176536460198713
9,3,Centralized,none,0.8440613026819923,1.193748152111438,-0.047967432384413373
9,3,FL,none,0.8445593869731801,1.2052836191298304,-0.05254229563343474
9,4,Local,none,0.8339666090961427,0.8309377417211731,0.043949019750091904
9,4,Centralized,none,0.8267511034350412,0.9358675700505908,0.03434698751431073
9,4,FL,none,0.8280560353099213,0.8905704930430283,0.0408285440596115
9,5,Local,none,0.8583072100313479,1.1460760984235947,-0.010805857564321578
9,5,Centralized,none,0.8540752351097178,1.749647657765682,-0.10038154776658686
9,5,FL,none,0.8546238244514106,1.7248422390411555,-0.09443684727678067
10,1,Local,none,0.7298785425101214,0.7908950178294245,-0.03593443874907138
10,1,Centralized,none,0.7841295546558704,0.6304376797027565,0.015694614081553163
10,1,FL,none,0.7804048582995952,0.6175906493185958,0.01496545924358401
10,2,Local,none,0.8012955465587045,0.3699901856518477,0.07793897811172273
10,2,Centralized,none,0.7765182186234818,0.2048916732910638,0.05486993877955543
10,2,FL,none,0.7740890688259109,0.21388215488450138,0.04888715221963461
10,3,Local,none,0.8305717998700455,0.23207072951468538,0.12865166391169533
10,3,Centralized,none,0.792722547108512,0.49923086014407814,0.04732129974767567
10,3,FL,none,0.7930474333983106,0.47072307055930146,0.026833813089839283
10,4,Local,none,0.8526640675763483,1.7775486524141946,-0.0973222332648403
10,4,Centralized,none,0.8602988953866146,1.1627336824844758,-0.050001197460267086
10,4,FL,none,0.859324236517219,1.1575330657855618,-0.05107818435459732
10,5,Local,none,0.8377192982456141,1.2017014652418456,-0.14714972248138766
10,5,Centralized,none,0.8167641325536062,1.0477330250615489,-0.13154109783732967
10,5,FL,none,0.8141650422352177,1.0520416870535652,-0.13348265178858193
11,1,Local,none,0.7955406911928651,1.1018803869497076,-0.07181066181549142
11,1,Centralized,none,0.7950947603121516,1.1577035426694953,-0.01972397085770881
11,1,FL,none,0.7956521739130434,1.1457019120804097,-0.016538362932368152
11,2,Local,none,0.8734553775743708,0.8747265815960085,0.0412853765401625
11,2,Centralized,none,0.8791762013729977,1.0978143067652681,0.013115033419824621
11,2,FL,none,0.879233409610984,1.1131517131340047,0.0026353408885746747
11,3,Local,none,0.85720823798627,1.4526943645263715,-0.06061047296047752
11,3,Centralized,none,0.8562929061784897,1.0142710681659985,0.0016178661017868094
11,3,FL,none,0.8566361556064073,1.2381497601340865,-0.04635633835072127
11,4,Local,none,0.8182494279176201,0.3947041432690928,0.08874335189645567
11,4,Centralized,none,0.8029176201372997,-0.016676112595066354,0.1782661878063362
11,4,FL,none,0.802116704805492,-0.008080910665133969,0.17404584283945018
11,5,Local,none,0.8074370709382152,0.9711548205512831,-0.08173880636421278
11,5,Centralized,none,0.8189931350114417,1.1820460464231257,-0.08910504213229085
11,5,FL,none,0.8195652173913044,1.0462973870632488,-0.09060700867039462
12,1,Local,none,0.8553268765133172,1.186941539638095,-0.04949801601571096
12,1,Centralized,none,0.8554103698755949,1.1705716798144892,-0.08526271788842406
12,1,FL,none,0.8545963095933873,1.1648933263152272,-0.08576111230067339
12,2,Local,none,0.844305752692661,0.8627776520068604,0.06193922412651095
12,2,Centralized,none,0.8500667946898222,0.8158341480426973,0.04708863100919395
12,2,FL,none,0.8504633881606413,0.9243278690931116,0.0260360740212968
12,3,Local,none,0.8431501613725157,0.7487431482969985,0.05032125075279464
12,3,Centralized,none,0.8453371836249363,0.2938280971699238,0.13071778902712566
12,3,FL,none,0.845910480720231,0.3060098897871672,0.13112183700165198
12,4,Local,none,0.7678112395243369,0.26242771370165274,0.16634808213002406
12,4,Centralized,none,0.7792430353821397,0.5266472917842143,0.07185010433303098
12,4,FL,none,0.7794102280089448,0.5296412310342045,0.07848197500092532
12,5,Local,none,0.819578256598884,1.2403143746400993,-0.061375559229219896
12,5,Centralized,none,0.8167359819431963,1.1734778544729905,-0.05148900198026741
12,5,FL,none,0.8155447344772095,1.1771326762550778,-0.04745541495585216
13,1,Local,none,0.7559250764525994,1.2504613744858841,-0.17275786366857593
13,1,Centralized,none,0.7781918960244648,1.487148699855165,-0.1574060400298207
13,1,FL,none,0.7785741590214067,1.5132235905662714,-0.17406186225980164
13,2,Local,none,0.8551724137931035,0.6762862787257853,0.038264261416976496
13,2,Centralized,none,0.8464367816091954,0.6797223532127858,0.01124237810868602
13,2,FL,none,0.848551724137931,0.6875698115643938,0.007816920961522925
13,3,Local,none,0.7574712643678161,1.024404528906362,-0.049277885636737975
13,3,Centralized,none,0.8112068965517242,1.8430760258945351,-0.13963455147810272
13,3,FL,none,0.8092911877394636,1.817719694493498,-0.14206645288396177
13,4,Local,none,0.910727969348659,0.584730489622958,0.11116644168397422
13,4,Centralized,none,0.9022988505747126,0.6804219857927979,0.025812104715434485
13,4,FL,none,0.899904214559387,0.6849918364465447,0.024753341759206255
13,5,Local,none,0.8158045977011494,0.48184833626403634,0.04887049871934077
13,5,Centralized,none,0.8323754789272031,0.7685372972109327,0.005198325291896549
13,5,FL,none,0.8316091954022988,0.7619044508103169,0.010584381978928773
14,1,Local,none,0.8583393807450411,1.2298853676054002,0.04651615168696847
14,1,Centralized,none,0.8724903241412676,1.3360907528288999,0.0016929668165546665
14,1,FL,none,0.8736695694242864,1.3356420645691724,-0.04361629418244198
14,2,Local,none,0.7696843251088534,0.8499654543032451,-0.03744372719059351
14,2,Centralized,none,0.7647254475084664,0.8649045114895287,-0.022131021694860812
14,2,FL,none,0.764362602805999,0.8810521915935431,-0.030040880480833063
14,3,Local,none,0.7656268927922472,0.7566216293890408,-0.033284710233417135
14,3,Centralized,none,0.7769836462749848,0.9112856693670893,-0.04772577306636687
14,3,FL,none,0.7764688067837674,0.9832415848965826,-0.025582809828142233
14,4,Local,none,0.8081768625075711,1.2542234784514517,-0.026784122024643798
14,4,Centralized,none,0.8228346456692913,1.3359763206794404,-0.042940433674242356
14,4,FL,none,0.8226226529376136,1.348085110402939,-0.0514383454856927
14,5,Local,none,0.8384918231374924,1.0362944466513104,0.04195763410404193
14,5,Centralized,none,0.846365838885524,0.8879407840596317,0.0769239099009678
14,5,FL,none,0.846365838885524,0.8017811801781208,0.10705991434133362
15,1,Local,none,0.8443631526438311,1.2901782343695098,-0.08749839411762775
15,1,Centralized,none,0.857931493182574,1.3664173513088271,-0.09026081266618206
15,1,FL,none,0.8596607914865314,1.4843896468770605,-0.0952389331895775
15,2,Local,none,0.7735270594508131,0.876481559621788,0.008612033434344734
15,2,Centralized,none,0.7818581711543588,1.300789344130891,-0.14322645381758248
15,2,FL,none,0.7833910957078113,1.143221028716063,-0.1259588410702296
15,3,Local,none,0.76712876566249,1.378003104123748,-0.051348159406267725
15,3,Centralized,none,0.7669288189816049,2.1208053153120043,-0.1859256649235939
15,3,FL,none,0.765662490002666,2.1357278555543573,-0.1918325880514802
15,4,Local,none,0.750733137829912,0.8680415317172322,-0.04800384960322343
15,4,Centralized,none,0.7848573713676353,0.9126958119989338,-0.0247258638273763
15,4,FL,none,0.7837909890695814,0.9287695799145753,-0.03312501236819099
15,5,Local,none,0.7953212476672887,0.5933002735229083,0.065256418210471
15,5,Centralized,none,0.81851506264996,0.7086638901747784,0.052858129215040586
15,5,FL,none,0.819248200479872,0.6981821395213269,0.0593255984244299
16,1,Local,none,0.6213656387665198,0.15620988332209593,0.07547963720999869
16,1,Centralized,none,0.6636563876651982,-0.14182701586948354,0.1252791909668317
16,1,FL,none,0.6623348017621146,-0.18672687683710232,0.18209381578399775
16,2,Local,none,0.8098771156967308,1.0201629983255494,-0.0778558526992415
16,2,Centralized,none,0.8875492696498957,0.7822293977353916,0.06052100168655122
16,2,FL,none,0.8859262694180385,0.8124228215578353,0.07088359990970758
16,3,Local,none,0.7734513274336283,0.45404933101053596,0.07327617281095195
16,3,Centralized,none,0.8050884955752212,0.18249645241538537,0.11842300402701858
16,3,FL,none,0.8028761061946903,0.24138442975743668,0.11265166408357516
16,4,Local,none,0.7398230088495575,0.7067477748207344,0.033574362500320955
16,4,Centralized,none,0.7623893805309735,1.8734650387071248,-0.14220487220336994
16,4,FL,none,0.7617256637168142,1.864894840724371,-0.14169469544849475
16,5,Local,none,0.7146017699115044,0.8919814018871404,-0.1360207479410147
16,5,Centralized,none,0.7807522123893805,0.9051715865189647,-0.12032502347511691
16,5,FL,none,0.7785398230088496,0.9072874354504089,-0.11953357918428725
1,1,Local,l1,0.7661530143281968,0.3121010275341625,0.1455146124568216
1,1,Centralized,l1,0.774443543299991,0.32066653455556887,0.20635254609307233
1,1,FL,l1,0.7742633144092999,0.3518648366171571,0.26518781260492336
1,2,Local,l1,0.8680724520140578,1.056393301237677,0.02549157459096263
1,2,Centralized,l1,0.8456339551230062,0.6125648935550015,0.16488098118862868
1,2,FL,l1,0.8450932684509327,0.9001674482149055,0.1415559450493888
1,3,Local,l1,0.8837523655041903,0.5714677546439283,0.12695113701689056
1,3,Centralized,l1,0.8936649544922051,0.8313444740791545,0.052900361772605514
1,3,FL,l1,0.8963683878525728,0.8489368681757797,0.07149513750989707
1,4,Local,l1,0.87289972899729,0.18810093221705396,0.2852943875186545
1,4,Centralized,l1,0.8713640469738031,0.525480050053147,0.17077782782863796
1,4,FL,l1,0.8724480578139114,0.37909217558887237,0.2420184214755962
1,5,Local,l1,0.8399277326106594,1.3575255078851043,-0.12760275228233622
1,5,Centralized,l1,0.8371273712737127,1.8301867466294062,-0.17015876381943154
1,5,FL,l1,0.8346883468834688,1.831675281555224,-0.12662262383916875
2,1,Local,l1,0.8388512165935381,0.5428883962821502,0.09015976814351849
2,1,Centralized,l1,0.830035899481452,0.6462576234920191,0.05485267038374458
2,1,FL,l1,0.8327084164339849,0.5035881606551939,0.09381884058997114
2,2,Local,l1,0.848384523334663,1.3771579062354238,-0.08322628236298596
2,2,Centralized,l1,0.8652572796170722,1.201784308777902,-0.026219297496181026
2,2,FL,l1,0.8628240925408855,1.3495167935342782,-0.03692607823675941
2,3,Local,l1,0.7939653414882772,0.5116710826675716,0.09960577093213765
2,3,Centralized,l1,0.8050968399592253,1.1179830881165227,-0.025327679214644985
2,3,FL,l1,0.7992660550458716,1.213336244591861,-0.05416455723098508
2,4,Local,l1,0.8369964833759591,0.6601017362391386,0.12641606895396185
2,4,Centralized,l1,0.8378756393861893,1.1429125482115314,-0.016498802650276426
2,4,FL,l1,0.8395140664961637,1.043878616908025,-0.008091928754171328
2,5,Local,l1,0.7440856777493606,0.7971903102265663,-0.02025227899165619
2,5,Centralized,l1,0.7501998081841432,1.2233532424164153,-0.0869315221243976
2,5,FL,l1,0.748641304347826,1.0681286576202171,-0.030388354426159614
3,1,Local,l1,0.8140385084084816,0.8902257312699748,0.0469059150615432
3,1,Centralized,l1,0.8194004387033877,0.943879213570925,0.016700070909408712
3,1,FL,l1,0.8172881631326672,0.7570078173899248,0.06277495546965764
3,2,Local,l1,0.7922658217564383,0.5593480467198193,0.061070568319520596
3,2,Centralized,l1,0.8004711999350069,0.5039510185296021,0.061764644011606466
3,2,FL,l1,0.8018523031927858,0.49052926613867925,0.06127635449970483
3,3,Local,l1,0.8519782273133479,0.7659709723167987,0.07059075855292508
3,3,Centralized,l1,0.8741571208059143,0.811264543510059,0.04704905313105726
3,3,FL,l1,0.8785441546835648,0.8099920270067791,0.09958774775263812
3,4,Local,l1,0.8415793321959542,0.5802007566273013,0.06673019782964344
3,4,Centralized,l1,0.8622146396945325,0.8001319754044592,0.027054016758519886
3,4,FL,l1,0.8657892598911365,0.6694042723240671,0.07433209560620266
3,5,Local,l1,0.7622549019607843,1.0751206069586081,-0.026837841728069172
3,5,Centralized,l1,0.7729285262492094,0.8330618685999208,0.04324296705634121
3,5,FL,l1,0.7688172043010753,0.8585921389444118,0.06722477659585109
4,1,Local,l1,0.8221975393028025,0.3007646765538831,0.19159149035673165
4,1,Centralized,l1,0.8338602187286398,0.24325329226600573,0.20529387406300967
4,1,FL,l1,0.8327067669172933,0.10145582493291506,0.2639657476204115
4,2,Local,l1,0.8685521944395873,1.0254157680611864,0.11365137329440951
4,2,Centralized,l1,0.8737104388879174,0.7080774589140456,0.254427293421035
4,2,FL,l1,0.8743224339919566,0.686802447021973,0.27562336641395474
4,3,Local,l1,0.8244885469487673,0.7817015539373771,-0.004333896524491359
4,3,Centralized,l1,0.8294282217170834,0.7984375752505088,0.027303512120158937
4,3,FL,l1,0.8279419478929883,0.9543641296480466,0.010328636475518776
4,4,Local,l1,0.8103252316838608,1.3649229239858391,-0.09623894701809348
4,4,Centralized,l1,0.8110246546599056,1.5722758851182326,-0.06915364933803857
4,4,FL,l1,0.8102815177478581,1.4353972582470385,-0.05165847848676137
4,5,Local,l1,0.8382126348228043,0.9844845060146837,-0.018360765420856084
4,5,Centralized,l1,0.8364577983222051,1.0490478068570046,0.0872565736830192
4,5,FL,l1,0.8358157849683273,1.0038093197971116,0.0786883141374553
5,1,Local,l1,0.7954840103716508,0.7534035804970615,0.05061655295594966
5,1,Centralized,l1,0.8085566119273985,0.5327803172749036,0.047767691023014994
5,1,FL,l1,0.8100691443388073,0.7081760043800416,-0.0021666099919408666
5,2,Local,l1,0.8391236306729265,1.2766567064697234,0.0038545566872565146
5,2,Centralized,l1,0.82660406885759,1.2585477212756686,0.011123633698061117
5,2,FL,l1,0.8282733437663015,1.0520692698014147,0.024716689426211937
5,3,Local,l1,0.8348461137193531,1.3777468421147974,-0.04258369285032441
5,3,Centralized,l1,0.854564423578508,1.6417820980597129,-0.05588638428355501
5,3,FL,l1,0.8534167970787689,1.5934321351553118,-0.01867467198296032
5,4,Local,l1,0.7790297339593114,1.2434792657384104,-0.11983251083852453
5,4,Centralized,l1,0.7730829420970265,1.2225910076439856,-0.043925193525769825
5,4,FL,l1,0.7709963484611372,1.1505490315532505,-0.030856500221521012
5,5,Local,l1,0.8470205850487541,0.05688108760047448,0.19831229261111175
5,5,Centralized,l1,0.8594799566630552,0.10928115051499612,0.18911042002580258
5,5,FL,l1,0.8608884073672806,0.12448534788736905,0.18238570364941914
6,1,Local,l1,0.8391488236849062,1.6254316467699779,-0.1126564194308083
6,1,Centralized,l1,0.8312186095691251,1.1356581735971651,0.04824720272832889
6,1,FL,l1,0.83756278086175,1.1034638518105437,0.040839257242165174
6,2,Local,l1,0.8158868622786148,0.9467298808141547,-0.042530848772983576
6,2,Centralized,l1,0.7976473698123183,1.1908739111384048,-0.08593766081525496
6,2,FL,l1,0.7987047316944225,1.0571123105264661,-0.08136418569868355
6,3,Local,l1,0.7642401021711367,0.9118325911151168,0.002421150275488044
6,3,Centralized,l1,0.7844189016602809,0.5169966797971105,0.06971376961296402
6,3,FL,l1,0.7781609195402299,0.6335439852725232,0.06766072860215652
6,4,Local,l1,0.7328224776500638,1.2237095430899363,-0.07253402576500977
6,4,Centralized,l1,0.7457215836526181,1.3899009580966097,-0.04416812447972459
6,4,FL,l1,0.7443167305236271,1.4025404882846682,0.015222234820771516
6,5,Local,l1,0.7277139208173691,0.45372555308198004,0.06921964689438613
6,5,Centralized,l1,0.7896551724137931,0.38053465671853764,0.12651026280843547
6,5,FL,l1,0.7913154533844189,0.3356965957886393,0.1567960170253725
7,1,Local,l1,0.7744978943958536,0.9393283626359844,-0.012990780492197146
7,1,Centralized,l1,0.7948655652737285,1.141717643489946,-0.05355892949404289
7,1,FL,l1,0.7936507936507936,1.3839169089019543,-0.018965215246313092
7,2,Local,l1,0.8573858114674441,1.2516620228725088,-0.011417268279033561
7,2,Centralized,l1,0.8477891156462585,1.2631588820161959,-0.033002196576468794
7,2,FL,l1,0.843456430191124,1.3241548125608917,-0.002833296995364746
7,3,Local,l1,0.8185536119209589,0.9097020814078011,0.0038438159625458117
7,3,Centralized,l1,0.8325234855847101,1.0301498235373272,-0.010512016823409694
7,3,FL,l1,0.8335762876579204,0.9051876038640596,0.02228449283222479
7,4,Local,l1,0.8258422416585682,-0.03333445174245381,0.19871760023060617
7,4,Centralized,l1,0.8112244897959183,0.24787793444677522,0.1633591354950405
7,4,FL,l1,0.8077826368642695,0.05566723503749152,0.15501110322256823
7,5,Local,l1,0.7639554692761776,0.5751445429107447,0.0161617391174403
7,5,Centralized,l1,0.782140168773028,0.8247632619782637,-0.01627420151770412
7,5,FL,l1,0.7799215561982489,1.056374879055929,-0.07520553079769297
8,1,Local,l1,0.8181511470985156,0.9755970814592673,0.060283604294046264
8,1,Centralized,l1,0.8216213610950454,0.26036131237841265,0.20501874111992266
8,1,FL,l1,0.8190187005976479,0.5099681420109229,0.12807760642941046
8,2,Local,l1,0.8141768141768142,0.7231280440220518,0.04917091884338701
8,2,Centralized,l1,0.8288783288783289,0.7216187782990303,0.030489059512599392
8,2,FL,l1,0.8272943272943273,0.6559815574139792,0.06481973461130161
8,3,Local,l1,0.8961488961488961,0.6191870418577711,0.05296390409089466
8,3,Centralized,l1,0.9115929115929116,0.44214454200587994,0.1612802133732499
8,3,FL,l1,0.9122859122859123,0.715351143287514,0.06325104219470061
8,4,Local,l1,0.8117817479478513,1.3688142155645942,-0.061535256774192776
8,4,Centralized,l1,0.8220666344760985,1.4134788255209338,-0.10862396355781635
8,4,FL,l1,0.8200386286817962,1.3685484264010828,-0.09051159809361892
8,5,Local,l1,0.7872525350072429,0.603465254874391,0.022044953212255317
8,5,Centralized,l1,0.7835828102366007,0.8740333521358882,-0.03486338687315045
8,5,FL,l1,0.7850796716562047,0.6153362124130112,0.01668850196435209
9,1,Local,l1,0.8081609195402298,1.1782479428975732,-0.10141695149163167
9,1,Centralized,l1,0.8133333333333334,1.2686683555715,-0.0716915520072656
9,1,FL,l1,0.8135249042145594,1.2200636420061441,-0.075201063425248
9,2,Local,l1,0.8121072796934866,0.42052672476805225,0.1806164470420359
9,2,Centralized,l1,0.800536398467433,0.48291024546765327,0.19691467512567792
9,2,FL,l1,0.8032183908045977,0.4996275595689111,0.20039261982326365
9,3,Local,l1,0.833639846743295,0.8666338143338393,-0.002330104292427825
9,3,Centralized,l1,0.8439846743295019,1.1944087874223763,-0.04796008564032112
9,3,FL,l1,0.8464367816091954,1.17956716294563,-0.03076816362222501
9,4,Local,l1,0.8339666090961427,0.8283142239640677,0.04898436423270524
9,4,Centralized,l1,0.82671272308578,0.929469315075308,0.03404270418138988
9,4,FL,l1,0.8285165995010555,1.032707770849274,0.054929742549908844
9,5,Local,l1,0.8581896551724137,1.1464629371022277,-0.010908830045803833
9,5,Centralized,l1,0.8543103448275862,1.7515337234048418,-0.10059337648874687
9,5,FL,l1,0.8547021943573667,1.4915745960283227,-0.05042192102969586
10,1,Local,l1,0.7298785425101214,0.7916304986440198,-0.03603602720775626
10,1,Centralized,l1,0.7833198380566802,0.6354700868234069,0.013632910615052328
10,1,FL,l1,0.7789473684210526,0.7974081572130282,-0.0029042010561614634
10,2,Local,l1,0.8014574898785425,0.3702567852061603,0.07793554958796252
10,2,Centralized,l1,0.7766801619433198,0.2039957386245582,0.055243153875023376
10,2,FL,l1,0.7784615384615384,0.18426496299888656,0.07928791179504605
10,3,Local,l1,0.8305717998700455,0.2316991425914069,0.12879374244765482
10,3,Centralized,l1,0.7928849902534113,0.4992687732161699,0.04728272982499464
10,3,FL,l1,0.7940220922677063,0.44533571114996956,0.03452883667752984
10,4,Local,l1,0.8528265107212476,1.7729408236393256,-0.09275187670622284
10,4,Centralized,l1,0.8602988953866146,1.1640605134337183,-0.05076588275636197
10,4,FL,l1,0.8578622482131254,1.2106297479869563,-0.07871748145305557
10,5,Local,l1,0.8372319688109162,1.202024958969173,-0.1472451170914949
10,5,Centralized,l1,0.8162768031189084,1.0480281566988336,-0.13163884856704963
10,5,FL,l1,0.8128654970760234,0.7311837671155657,-0.07087147092173567
11,1,Local,l1,0.7955406911928651,1.101155648601313,-0.07152721532211985
11,1,Centralized,l1,0.7950947603121516,1.1580371644060234,-0.019586494771122467
11,1,FL,l1,0.7924191750278706,1.1622448927052011,-0.02109489303917667
11,2,Local,l1,0.8736270022883296,0.8746440543156753,0.04131719361437096
11,2,Centralized,l1,0.8792906178489702,1.097636391619056,0.013358672464467782
11,2,FL,l1,0.8787185354691075,1.0651701660423052,0.04173943606693163
11,3,Local,l1,0.85720823798627,1.4617327041159565,-0.05799416728427359
11,3,Centralized,l1,0.8564073226544623,1.0151915297764873,0.0013775118614872545
11,3,FL,l1,0.8528032036613272,0.8525412336453851,0.018828220284273115
11,4,Local,l1,0.8183638443935927,0.39604117017631146,0.08796049426833591
11,4,Centralized,l1,0.8028604118993135,-0.017015414796121498,0.17839419484862745
11,4,FL,l1,0.799141876430206,-0.020209125168470527,0.19131814108630513
11,5,Local,l1,0.8073798627002289,0.9711359158108344,-0.08169233065189549
11,5,Centralized,l1,0.819279176201373,1.1827274857033228,-0.0889689455768869
11,5,FL,l1,0.8156178489702517,1.2751591510687326,-0.08340334535317355
12,1,Local,l1,0.8553268765133172,1.187146803674267,-0.04949825365971864
12,1,Centralized,l1,0.8552225098104701,1.1717299240175252,-0.08542029853273542
12,1,FL,l1,0.8522584954496117,1.1782923164125487,-0.06693902671371554
12,2,Local,l1,0.8444518660766469,0.8676696170220256,0.05903539296504935
12,2,Centralized,l1,0.8500250480086833,0.8166569048200835,0.04732237072099482
12,2,FL,l1,0.8502755280955164,0.9450459299018479,0.017035467351741985
12,3,Local,l1,0.8430227620180057,0.7440670218075959,0.053651966257172834
12,3,Centralized,l1,0.8453371836249363,0.2944154888100172,0.13054528108747548
12,3,FL,l1,0.8427467300832342,0.48432847305984594,0.06693164088086953
12,4,Local,l1,0.7677276432109345,0.2636765895782485,0.16541866677699982
12,4,Centralized,l1,0.7792430353821397,0.5264393397279148,0.07207253114014918
12,4,FL,l1,0.7778845952893477,0.41911416638936416,0.1398987619075289
12,5,Local,l1,0.8196200547555853,1.2401879844441188,-0.06112997484586757
12,5,Centralized,l1,0.816694183786495,1.1738051866333574,-0.051274467491863644
12,5,FL,l1,0.8157746243390667,1.1862312536585387,-0.0663163064135231
13,1,Local,l1,0.7557339449541285,1.2506010942741346,-0.17271061462422527
13,1,Centralized,l1,0.7780007645259939,1.4884798979734333,-0.15759848384553693
13,1,FL,l1,0.7820145259938838,1.535057377711704,-0.18681545555072232
13,2,Local,l1,0.8544367816091955,0.7040523263045846,0.024953218042773447
13,2,Centralized,l1,0.8466206896551725,0.6801051598465913,0.01124639644364805
13,2,FL,l1,0.8394482758620689,0.6462146971443861,0.0704134805484375
13,3,Local,l1,0.7574712643678161,1.0243161084991772,-0.0492218008696299
13,3,Centralized,l1,0.8111111111111111,1.8449665503804664,-0.139879226970416
13,3,FL,l1,0.7995210727969349,1.7452880353497688,-0.11223847502897509
13,4,Local,l1,0.910536398467433,0.584067582113348,0.11130269303827998
13,4,Centralized,l1,0.9018199233716475,0.6803935124653788,0.02587131546532502
13,4,FL,l1,0.8981800766283525,0.6453517339015075,0.039780037376794496
13,5,Local,l1,0.8155172413793104,0.48109014621760116,0.04930994917094837
13,5,Centralized,l1,0.8323754789272031,0.7686255914117985,0.005264735404046502
13,5,FL,l1,0.8266283524904214,0.8046924232938343,-0.012981661207613742
14,1,Local,l1,0.8582486695694242,1.233926366714672,0.04367133302228813
14,1,Centralized,l1,0.8726415094339622,1.3258211890386815,0.00933686264608981
14,1,FL,l1,0.8670778906627963,1.2724768091705192,0.02707417889238933
14,2,Local,l1,0.7697447992259313,0.8498841917805033,-0.037392983739383406
14,2,Centralized,l1,0.7646952104499274,0.8648627402869872,-0.022001836335873853
14,2,FL,l1,0.759947992259313,0.7928127485656745,0.006325759165966977
14,3,Local,l1,0.7655663234403391,0.756495027827005,-0.03266128574774921
14,3,Centralized,l1,0.776832222895215,0.9128292467262205,-0.04861224213103435
14,3,FL,l1,0.7788612961841308,0.5826995374241039,0.04815120264204304
14,4,Local,l1,0.8080860084797092,1.254117914156472,-0.026603248805675033
14,4,Centralized,l1,0.8226226529376136,1.3383734512517578,-0.04347277935681889
14,4,FL,l1,0.8228043609933374,1.2213995726388038,0.00022747331420605615
14,5,Local,l1,0.8384009691096306,1.0356422538311276,0.042099090493779294
14,5,Centralized,l1,0.8463961235614779,0.8947803383601347,0.07774352593290666
14,5,FL,l1,0.8460327074500302,1.0258498750816398,0.07117107504877813
15,1,Local,l1,0.8443631526438311,1.2898888563713111,-0.08754635905814707
15,1,Centralized,l1,0.8581310276022613,1.3701818995519304,-0.09402005601378098
15,1,FL,l1,0.8587296308613236,1.3353385097016872,-0.06598935637416112
15,2,Local,l1,0.773327112769928,0.8762009817522128,0.008693958655446284
15,2,Centralized,l1,0.7821247667288723,1.3013239431590466,-0.14316109953148987
15,2,FL,l1,0.7807251399626767,1.1918679512756312,-0.11267038311965118
15,3,Local,l1,0.7670621167688616,1.3752432671445627,-0.050402077985771454
15,3,Centralized,l1,0.7667288723007198,2.1238690845705883,-0.18645916980720773
15,3,FL,l1,0.7621967475339909,2.184901512119605,-0.18091261786190777
15,4,Local,l1,0.750733137829912,0.8670679958451377,-0.04768690792033061
15,4,Centralized,l1,0.784990669154892,0.9144444772081778,-0.028846001083038045
15,4,FL,l1,0.7823247134097574,0.8849106432413578,-0.005189232580957274
15,5,Local,l1,0.7952545987736603,0.5927921989476929,0.06548264454701164
15,5,Centralized,l1,0.8185817115435884,0.7081336684437792,0.053205736061988904
15,5,FL,l1,0.8144494801386297,0.6526456578040544,0.09492946916460428
16,1,Local,l1,0.6215859030837004,0.15626096504091447,0.07546811216824686
16,1,Centralized,l1,0.6636563876651982,-0.14225390130993038,0.12540659136389315
16,1,FL,l1,0.6585903083700441,-0.14387183030615336,0.1293710685981082
16,2,Local,l1,0.8096452585207512,1.019976038884034,-0.07773711607733358
16,2,Centralized,l1,0.8877811268258753,0.7833709795249627,0.06033628803038272
16,2,FL,l1,0.8882448411778344,0.8164304123632592,0.06420006456964082
16,3,Local,l1,0.7734513274336283,0.454056713041864,0.07328067329884613
16,3,Centralized,l1,0.8055309734513274,0.18263099870977945,0.11838403038934317
16,3,FL,l1,0.8024336283185841,1.02803278351381,0.013529159516906407
16,4,Local,l1,0.7400442477876106,0.7068169244260853,0.03357280225424996
16,4,Centralized,l1,0.7621681415929203,1.8458324896780918,-0.12803400666860448
16,4,FL,l1,0.7701327433628319,1.8456487711025524,-0.11998485894431768
16,5,Local,l1,0.7148230088495575,0.8928031260360354,-0.13656143974130866
16,5,Centralized,l1,0.7805309734513274,0.9050674543404138,-0.12018776214792783
16,5,FL,l1,0.7714601769911504,1.0837116230049282,-0.11588948201941397
1,1,Local,l2,0.7660628998828513,0.3120999426407462,0.14547308005836154
1,1,Centralized,l2,0.7743534288546454,0.32083086912225917,0.20618604219049577
1,1,FL,l2,0.7756150310894836,0.3197191018388325,0.2075601898681685
1,2,Local,l2,0.8680724520140578,1.0557221150344163,0.02578090549605062
1,2,Centralized,l2,0.845904298459043,0.6114060713640286,0.165198680213229
1,2,FL,l2,0.8455438406776606,0.6168215047780119,0.16423090193788503
1,3,Local,l2,0.8838424799495359,0.570863900066805,0.1270375732221797
1,3,Centralized,l2,0.8934847256015139,0.8319240065169342,0.05262676318279424
1,3,FL,l2,0.8946562133910065,0.9066508024651101,0.06657483197861916
1,4,Local,l2,0.8732610659439928,0.3627446889038725,0.1995483060207409
1,4,Centralized,l2,0.8716350496838302,0.5242724457751938,0.1710955850606208
1,4,FL,l2,0.8706413730803975,0.5237493769200873,0.16905321638149318
1,5,Local,l2,0.8398373983739837,1.3542145056352097,-0.11441991501504001
1,5,Centralized,l2,0.837037037037037,1.8281685798011125,-0.1696506877493577
1,5,FL,l2,0.8365853658536585,1.8395365182087535,-0.17418044962342463
2,1,Local,l2,0.8388113282808137,0.59702620187512,0.08814139207152917
2,1,Centralized,l2,0.8299162345432788,0.6461505010285084,0.05474892532417271
2,1,FL,l2,0.8295173514160351,0.6639184645695615,0.059533133256548666
2,2,Local,l2,0.848384523334663,1.378574070122325,-0.08327681254842016
2,2,Centralized,l2,0.8652173913043478,1.2021158573690847,-0.026886345020456656
2,2,FL,l2,0.865017949740726,1.2761665789579797,0.0016259865965322464
2,3,Local,l2,0.794006116207951,0.5103409235572245,0.10005818710890936
2,3,Centralized,l2,0.8050968399592253,1.117607298617075,-0.025320554947587403
2,3,FL,l2,0.8067686034658512,1.175732568583053,-0.050598201275750564
2,4,Local,l2,0.837116368286445,0.6583034369819137,0.13092258034323115
2,4,Centralized,l2,0.8376358695652174,1.142089632131117,-0.016445017818843506
2,4,FL,l2,0.8379156010230179,1.1543456844756577,-0.01776076088242386
2,5,Local,l2,0.7441656010230179,0.7977582873709712,-0.020478912370854082
2,5,Centralized,l2,0.7500799232736572,1.222845556588134,-0.08693209369546098
2,5,FL,l2,0.7490009590792839,1.2267617337519172,-0.08609461590224907
3,1,Local,l2,0.8141197497765862,0.8905644277613176,0.046781241937568475
3,1,Centralized,l2,0.8194816800714924,0.945816579378512,0.014858379128132747
3,1,FL,l2,0.818669266390446,0.9366856711377272,0.021721222589774655
3,2,Local,l2,0.7916971321797059,0.5543534692100769,0.0723886785739929
3,2,Centralized,l2,0.8006336826712162,0.5038177986651616,0.06176020602392273
3,2,FL,l2,0.8015273377203672,0.4981054418563449,0.06168355904003447
3,3,Local,l2,0.8520594686814525,0.7657891990780166,0.07063803056443094
3,3,Centralized,l2,0.8739133967016005,0.8104270765223199,0.04732971975655492
3,3,FL,l2,0.8761881550085303,0.8147076658661131,0.04439999135467016
3,4,Local,l2,0.8416605735640588,0.5786028366764845,0.06830973269330459
3,4,Centralized,l2,0.8620521569583232,0.7989032219344616,0.027373106230812894
3,4,FL,l2,0.8619709155902185,0.9660954030206044,-0.004480673190075312
3,5,Local,l2,0.7624130297280203,1.0753840631863953,-0.026828215970545393
3,5,Centralized,l2,0.7727703984819735,0.8313365126085404,0.04355126576698474
3,5,FL,l2,0.7718216318785579,0.834468231158386,0.04376026315714711
4,1,Local,l2,0.8219839371155161,0.3007685952645738,0.19155368418048693
4,1,Centralized,l2,0.8339883800410116,0.25549027313133293,0.2035110034408048
4,1,FL,l2,0.8340738209159262,0.2429665326255497,0.2058483646807678
4,2,Local,l2,0.8685959083755901,0.9564487224877226,0.11537883501199679
4,2,Centralized,l2,0.8737104388879174,0.7076718488930203,0.25447661118555315
4,2,FL,l2,0.8732732995278895,0.7052108718422125,0.255829772846853
4,3,Local,l2,0.8244448330127645,0.782297938290617,-0.006278369870564483
4,3,Centralized,l2,0.8295593635250919,0.8146359322703977,0.03211998248986792
4,3,FL,l2,0.8286850848050359,0.8029169766926866,0.02396298218054091
4,4,Local,l2,0.8101940898758524,1.3651534641987069,-0.09633900663162094
4,4,Centralized,l2,0.8111120825319111,1.5691016422209318,-0.06788929776463846
4,4,FL,l2,0.8108935128518971,1.5433584689421986,-0.08205224450433315
4,5,Local,l2,0.8382554357130628,0.98457153564662,-0.01835190227105701
4,5,Centralized,l2,0.8365005992124637,1.0489949953948343,0.0870610640330199
4,5,FL,l2,0.8362437938709125,1.0447986356959433,0.09101809078077086
5,1,Local,l2,0.7955920484010371,0.7528446145425765,0.05103982191262
5,1,Centralized,l2,0.8086646499567848,0.5323271024253846,0.04779461303639741
5,1,FL,l2,0.807152117545376,0.5345727355548034,0.0478968267752426
5,2,Local,l2,0.8391236306729265,1.2765528909221218,0.0038155913894921015
5,2,Centralized,l2,0.82660406885759,1.1145755584410268,0.015498221062692438
5,2,FL,l2,0.8267083985393845,1.2595451673748517,0.015657006605661515
5,3,Local,l2,0.8350547730829421,1.3766039564210806,-0.04251964306892341
5,3,Centralized,l2,0.854564423578508,1.6492412720332235,-0.06441087494686354
5,3,FL,l2,0.8535211267605634,1.6578461856854145,-0.04247115053214491
5,4,Local,l2,0.778925404277517,1.2433922199568017,-0.11980498364729467
5,4,Centralized,l2,0.7728742827334376,1.2157865871994495,-0.05646230388249494
5,4,FL,l2,0.7727699530516432,1.2261287706356487,-0.04249730104153204
5,5,Local,l2,0.8471289274106175,0.05639521986965529,0.19847272380129566
5,5,Centralized,l2,0.8595882990249187,0.10902958611825439,0.18917839065846198
5,5,FL,l2,0.8614301191765981,0.09546123627313412,0.19850791152608163
6,1,Local,l2,0.8390166534496432,1.6240429873922546,-0.11254770166455509
6,1,Centralized,l2,0.8314829500396511,1.13572855692306,0.04812372075412862
6,1,FL,l2,0.83055775839281,1.1296667120239283,0.054911645788419436
6,2,Local,l2,0.8160190325138779,1.0384251492461056,-0.06683219675352356
6,2,Centralized,l2,0.7980438805181074,1.1896981885338695,-0.08569653502605488
6,2,FL,l2,0.7936822627544277,1.2027802335622209,-0.08819017783772097
6,3,Local,l2,0.7642401021711367,0.9115684508798335,0.002467421139631295
6,3,Centralized,l2,0.7848020434227331,0.5177169571210842,0.06934399261475473
6,3,FL,l2,0.7831417624521073,0.5072891169139345,0.09042272974072298
6,4,Local,l2,0.7328224776500638,1.2236123671574177,-0.07249156282209979
6,4,Centralized,l2,0.7455938697318008,1.3885782480218436,-0.043988206145723775
6,4,FL,l2,0.7450830140485313,1.4333041872184438,-0.02023624550048666
6,5,Local,l2,0.7277139208173691,0.4536723283748157,0.06924314017037378
6,5,Centralized,l2,0.7897828863346105,0.38150073796885536,0.1258790847352376
6,5,FL,l2,0.7899106002554278,0.3357533177052661,0.1638227139243099
7,1,Local,l2,0.7744169096209913,0.9407267802453039,-0.013490972221035558
7,1,Centralized,l2,0.7950680272108843,1.1405230195732297,-0.054071715806927066
7,1,FL,l2,0.7945821185617103,1.1730065098157312,-0.062129551162711516
7,2,Local,l2,0.8574263038548753,1.251682152337618,-0.01146965038980384
7,2,Centralized,l2,0.8477891156462585,1.2622881234224308,-0.03309969141337891
7,2,FL,l2,0.8468577907353417,1.2615647005325226,-0.02565043521631696
7,3,Local,l2,0.81859410430839,0.9094911813649141,0.003681180466297853
7,3,Centralized,l2,0.8325234855847101,1.025744174198517,-0.00695342468554639
7,3,FL,l2,0.8325234855847101,0.9371609160982242,-0.01742036095709367
7,4,Local,l2,0.8259232264334305,-0.0333276045544144,0.1987124760888929
7,4,Centralized,l2,0.8114269517330742,0.2434858703998388,0.16528766056762845
7,4,FL,l2,0.8105361192095886,0.2476694087863263,0.1610380890941374
7,5,Local,l2,0.7640347054395626,0.5747438286417808,0.01624425118094022
7,5,Centralized,l2,0.7821797868547204,0.8239622086595907,-0.016121216539547872
7,5,FL,l2,0.782219404936413,0.8191227997762561,-0.01834612280002004
8,1,Local,l2,0.8181511470985156,0.975744072710406,0.05887900310555634
8,1,Centralized,l2,0.8217659533449008,0.25808220057113723,0.20656904182113675
8,1,FL,l2,0.8207056101792944,0.5094953877584085,0.17537995032567807
8,2,Local,l2,0.8144243144243144,0.7184363009024751,0.04505461530624172
8,2,Centralized,l2,0.8289278289278289,0.7229004535817595,0.028758918004879983
8,2,FL,l2,0.8294723294723295,0.7246017302443989,0.030591579268211055
8,3,Local,l2,0.8960993960993962,0.6181997259053471,0.05329074584263235
8,3,Centralized,l2,0.9116919116919117,0.4418625990382174,0.16133091839187547
8,3,FL,l2,0.9114444114444115,0.44970545041865595,0.16581012383746915
8,4,Local,l2,0.8121197489135683,1.3685168494220754,-0.06146666116034577
8,4,Centralized,l2,0.8221632061805891,1.4130919971479614,-0.10856015302421208
8,4,FL,l2,0.8212457749879285,1.3732171441245613,-0.10534598597372664
8,5,Local,l2,0.7871559633027523,0.6036830797231907,0.0220724812536776
8,5,Centralized,l2,0.7833896668276195,0.872652645377033,-0.034348720575981456
8,5,FL,l2,0.7843553838725253,0.8685145352393198,-0.030274903082434395
9,1,Local,l2,0.8078544061302682,1.1765373084241348,-0.10113373625565814
9,1,Centralized,l2,0.8131800766283525,1.2570151132325698,-0.06321820299620882
9,1,FL,l2,0.8133333333333334,1.155476778139124,-0.04504353371416947
9,2,Local,l2,0.8118773946360153,0.4212571981099582,0.18015005887094163
9,2,Centralized,l2,0.8006130268199234,0.48288342078749397,0.19667514861224952
9,2,FL,l2,0.8009578544061303,0.48149189312324286,0.1957871054939078
9,3,Local,l2,0.8336015325670498,0.8657540477393292,-0.002176922874096833
9,3,Centralized,l2,0.8440613026819923,1.1937484246766106,-0.047967422368385346
9,3,FL,l2,0.8445593869731801,1.2052884267633395,-0.05254231695739138
9,4,Local,l2,0.8339666090961427,0.8309397233341667,0.043950169682205505
9,4,Centralized,l2,0.8267511034350412,0.9358676344171888,0.03434705632641612
9,4,FL,l2,0.8280560353099213,0.8905715255848095,0.04082941777416173
9,5,Local,l2,0.8583072100313479,1.1460800666822377,-0.01080454549468576
9,5,Centralized,l2,0.8540752351097178,1.749648344107013,-0.10038157627238727
9,5,FL,l2,0.8546238244514106,1.7248520691415112,-0.09443716373410367
10,1,Local,l2,0.7298785425101214,0.7909033122505993,-0.035934198765081776
10,1,Centralized,l2,0.7841295546558704,0.6304379021240902,0.01569459559976938
10,1,FL,l2,0.7804048582995952,0.617593948745229,0.014965189631608386
10,2,Local,l2,0.8012955465587045,0.3699868187553781,0.07794128510152636
10,2,Centralized,l2,0.7765182186234818,0.2048916303123243,0.05486996912145167
10,2,FL,l2,0.7740890688259109,0.21388175528377387,0.04888753394968492
10,3,Local,l2,0.8305717998700455,0.23207327380454237,0.12865154114842212
10,3,Centralized,l2,0.792722547108512,0.4992309404187424,0.04732130126726801
10,3,FL,l2,0.7930474333983106,0.4707251551491279,0.02683360368042114
10,4,Local,l2,0.8526640675763483,1.777562036114285,-0.09731978965931347
10,4,Centralized,l2,0.8602988953866146,1.162733804791936,-0.05000117990331603
10,4,FL,l2,0.859324236517219,1.1575350154467188,-0.05107789006967482
10,5,Local,l2,0.8377192982456141,1.2017089608710987,-0.147148028137983
10,5,Centralized,l2,0.8167641325536062,1.0477332667953327,-0.13154110996364668
10,5,FL,l2,0.8141650422352177,1.052045449024797,-0.13348275692640146
11,1,Local,l2,0.7955406911928651,1.101886726229003,-0.07181051738228515
11,1,Centralized,l2,0.7950947603121516,1.1577037229356026,-0.019723911110586755
11,1,FL,l2,0.7956521739130434,1.1457047867048011,-0.016537487505218603
11,2,Local,l2,0.8734553775743708,0.8747348874504879,0.04128481738334014
11,2,Centralized,l2,0.8791762013729977,1.0978146406780127,0.013115030590033244
11,2,FL,l2,0.879233409610984,1.1131572802026906,0.002635223932150842
11,3,Local,l2,0.85720823798627,1.4527032283886152,-0.06061120373462822
11,3,Centralized,l2,0.8562929061784897,1.0142714725604525,0.0016178226515882388
11,3,FL,l2,0.8566361556064073,1.2381556743156252,-0.046356428856187425
11,4,Local,l2,0.8182494279176201,0.39470516120310284,0.08874371909179514
11,4,Centralized,l2,0.8029176201372997,-0.016676047948991204,0.17826616112394808
11,4,FL,l2,0.802116704805492,-0.008079812565732454,0.17404540612746333
11,5,Local,l2,0.8074370709382152,0.9711631229822897,-0.08173996951451135
11,5,Centralized,l2,0.8189931350114417,1.1820462340387654,-0.08910499601718273
11,5,FL,l2,0.8195652173913044,1.0463022675275535,-0.09060728010340156
12,1,Local,l2,0.8553268765133172,1.186946028314238,-0.049498298633544935
12,1,Centralized,l2,0.8554103698755949,1.1705719896429798,-0.0852627166622254
12,1,FL,l2,0.8545963095933873,1.1648979159604549,-0.0857611152167
12,2,Local,l2,0.844305752692661,0.8627794554142302,0.06193944694401293
12,2,Centralized,l2,0.8500667946898222,0.8158342455559516,0.04708866475689847
12,2,FL,l2,0.8504633881606413,0.924329115388854,0.02603672727583022
12,3,Local,l2,0.8431501613725157,0.7487449989688952,0.05032151552771938
12,3,Centralized,l2,0.8453371836249363,0.29382817680076667,0.1307177900902793
12,3,FL,l2,0.845910480720231,0.30601082830076376,0.13112195962363393
12,4,Local,l2,0.7678112395243369,0.26242710759479904,0.1663487117130705
12,4,Centralized,l2,0.7792430353821397,0.5266473108245815,0.0718501549894704
12,4,FL,l2,0.7794102280089448,0.5296413927258374,0.07848278346427916
12,5,Local,l2,0.819578256598884,1.2403170853992083,-0.06137548039209442
12,5,Centralized,l2,0.8167359819431963,1.1734780372313303,-0.05148895468366419
12,5,FL,l2,0.8155447344772095,1.1771352220283047,-0.04745457854215446
13,1,Local,l2,0.7623279816513762,1.116312107729832,-0.12327952765448749
13,1,Centralized,l2,0.7781918960244648,1.4871486247804377,-0.15740589444993736
13,1,FL,l2,0.7785741590214067,1.5132225009570184,-0.17405953442114047
13,2,Local,l2,0.856,0.6786810914680714,0.03919660839185437
13,2,Centralized,l2,0.8464367816091954,0.6797223441214075,0.011242450636628236
13,2,FL,l2,0.848551724137931,0.6875694115196572,0.007818110732006146
13,3,Local,l2,0.7574712643678161,1.0244166593031794,-0.049278753300812536
13,3,Centralized,l2,0.8112068965517242,1.8430766461194397,-0.13963457572707494
13,3,FL,l2,0.8092911877394636,1.8177290876025327,-0.1420669452235161
13,4,Local,l2,0.910727969348659,0.5847377853908318,0.11116541183504487
13,4,Centralized,l2,0.9022988505747126,0.6804220582580479,0.025812128522442444
13,4,FL,l2,0.899904214559387,0.6849931105010365,0.024753659802300206
13,5,Local,l2,0.8224137931034483,1.1232652850147824,-0.006586576111194847
13,5,Centralized,l2,0.8323754789272031,0.768537589298232,0.0051983168366102495
13,5,FL,l2,0.8315134099616859,0.761908984918108,0.0105842216408513
14,1,Local,l2,0.8583393807450411,1.2298887755120607,0.04651587354594516
14,1,Centralized,l2,0.8724903241412676,1.3360910528354233,0.0016929766238814564
14,1,FL,l2,0.8736695694242864,1.335646839870322,-0.043616259546097054
14,2,Local,l2,0.7696843251088534,0.8499675821724177,-0.037443619913701376
14,2,Centralized,l2,0.7647254475084664,0.864904655627021,-0.02213099780162831
14,2,FL,l2,0.764362602805999,0.8810547934493964,-0.03004062825656605
14,3,Local,l2,0.7656268927922472,0.7566236528157165,-0.03328467674223524
14,3,Centralized,l2,0.7769836462749848,0.9112858715839512,-0.047725774384385765
14,3,FL,l2,0.7764688067837674,0.9832443904169483,-0.025582605375201642
14,4,Local,l2,0.8081768625075711,1.2542267815509642,-0.02678379615773935
14,4,Centralized,l2,0.8228346456692913,1.3359765421633585,-0.04294039881681067
14,4,FL,l2,0.8226226529376136,1.348088524182683,-0.05143782145741439
14,5,Local,l2,0.8384918231374924,1.036297192034598,0.04195789510633697
14,5,Centralized,l2,0.846365838885524,0.8879409775197803,0.07692391211296734
14,5,FL,l2,0.846365838885524,0.8017828057389403,0.10706032291948823
15,1,Local,l2,0.8443631526438311,1.290185992368685,-0.08749864080971063
15,1,Centralized,l2,0.857931493182574,1.3664178465015395,-0.09026084785188096
15,1,FL,l2,0.8596607914865314,1.4843971796787412,-0.0952392478266909
15,2,Local,l2,0.7735270594508131,0.8764914325987956,0.008610452056662133
15,2,Centralized,l2,0.7818581711543588,1.3007897071055894,-0.14322644483608715
15,2,FL,l2,0.7833910957078113,1.1432261067403604,-0.12595892993388697
15,3,Local,l2,0.76712876566249,1.3780216039892934,-0.051349797210963256
15,3,Centralized,l2,0.7669288189816049,2.120806129346384,-0.18592571046156306
15,3,FL,l2,0.765662490002666,2.1357398414641646,-0.19183316240115905
15,4,Local,l2,0.750733137829912,0.8680555859647426,-0.048006341044771146
15,4,Centralized,l2,0.7848573713676353,0.9126961454666044,-0.02472588271964182
15,4,FL,l2,0.7837909890695814,0.9287747223769921,-0.03312529273730152
15,5,Local,l2,0.7953212476672887,0.5933065939491812,0.06525585907720549
15,5,Centralized,l2,0.81851506264996,0.7086641978848519,0.05285807688783304
15,5,FL,l2,0.819248200479872,0.698186907898732,0.059324760041790936
16,1,Local,l2,0.6213656387665198,0.15621460383806757,0.07547876551266576
16,1,Centralized,l2,0.6636563876651982,-0.14182701781007073,0.12527917910941394
16,1,FL,l2,0.6623348017621146,-0.18672827695206615,0.18209394006541674
16,2,Local,l2,0.8226292603756086,0.8381538676833443,-0.02640373674488288
16,2,Centralized,l2,0.8875492696498957,0.782229748810599,0.06052096639639944
16,2,FL,l2,0.8859262694180385,0.8124282619497444,0.07088311900564993
16,3,Local,l2,0.7734513274336283,0.45405778726838236,0.07327524833257634
16,3,Centralized,l2,0.8050884955752212,0.1824965353448049,0.11842299155843236
16,3,FL,l2,0.8028761061946903,0.24138599684419695,0.11265142917481329
16,4,Local,l2,0.7398230088495575,0.7067557407089801,0.03357361192295329
16,4,Centralized,l2,0.7623893805309735,1.8734654556456158,-0.14220491350896886
16,4,FL,l2,0.7617256637168142,1.8649010905908665,-0.14169525065971497
16,5,Local,l2,0.7207964601769912,0.9046923505995286,-0.13869628000572332
16,5,Centralized,l2,0.7807522123893805,0.9051719385179842,-0.12032506634894337
16,5,FL,l2,0.7785398230088496,0.9072929773675293,-0.1195342767177865
1,1,Local,elasticnet,0.7659727854375056,0.3122173886650004,0.1454132208603284
1,1,Centralized,elasticnet,0.774443543299991,0.32054778899239117,0.20638903642654266
1,1,FL,elasticnet,0.7737226277372263,0.17901762060712997,0.2594571000028807
1,2,Local,elasticnet,0.8680724520140578,1.0563321625054622,0.02548030963357265
1,2,Centralized,elasticnet,0.8456339551230062,0.6124409835186565,0.16490385545923852
1,2,FL,elasticnet,0.8428404073172929,0.6471592492475564,0.21348978017619785
1,3,Local,elasticnet,0.8837523655041903,0.5716474944401257,0.12686160838858426
1,3,Centralized,elasticnet,0.8936649544922051,0.8312758179807427,0.0529109884007439
1,3,FL,elasticnet,0.8929440389294404,0.8343160280419941,0.07616793637314592
1,4,Local,elasticnet,0.8728093947606143,0.19104994585325916,0.28375665567187675
1,4,Centralized,elasticnet,0.8712737127371274,0.5253047652967702,0.1708287349300484
1,4,FL,elasticnet,0.8657633242999097,0.5567255086418431,0.17523526670266812
1,5,Local,elasticnet,0.8399277326106594,1.3582882663916747,-0.1276555395570986
1,5,Centralized,elasticnet,0.8371273712737127,1.829848779545611,-0.17011116710720953
1,5,FL,elasticnet,0.8359530261969287,1.8226404715920506,-0.12014998209175633
2,1,Local,elasticnet,0.8388512165935381,0.5436332758141423,0.09000464603662246
2,1,Centralized,elasticnet,0.830035899481452,0.6464377931425479,0.054793600944012456
2,1,FL,elasticnet,0.825967291583566,0.7305917259888108,0.031915238486750964
2,2,Local,elasticnet,0.848384523334663,1.349430440869463,-0.08472452935012406
2,2,Centralized,elasticnet,0.8652572796170722,1.201836896483499,-0.02620484411246801
2,2,FL,elasticnet,0.8629038691663342,1.3918264116571895,-0.013973151974399274
2,3,Local,elasticnet,0.794006116207951,0.511606300162335,0.09953302250546789
2,3,Centralized,elasticnet,0.8050968399592253,1.1195036664292017,-0.026664406475538287
2,3,FL,elasticnet,0.796697247706422,1.0703663013793414,-0.006938391889443763
2,4,Local,elasticnet,0.8369964833759591,0.6602859686783489,0.12637681072892396
2,4,Centralized,elasticnet,0.8378756393861893,1.1428802261547495,-0.016471410025418704
2,4,FL,elasticnet,0.834758631713555,1.1172410923622227,0.026087649942616597
2,5,Local,elasticnet,0.7441656010230179,0.7972140124163337,-0.020263939046290567
2,5,Centralized,elasticnet,0.750119884910486,1.2232922250631486,-0.08688508216432014
2,5,FL,elasticnet,0.749440537084399,1.1764441561892884,-0.02544506614369755
3,1,Local,elasticnet,0.8140385084084816,0.8902109183315045,0.0468725938959754
3,1,Centralized,elasticnet,0.8194004387033877,0.9439366622391,0.016555716640755846
3,1,FL,elasticnet,0.8173694045007718,0.7233453547201313,0.03403726869264372
3,2,Local,elasticnet,0.7922658217564383,0.5595109202816337,0.06103012737112858
3,2,Centralized,elasticnet,0.8005524413031115,0.5034230253472637,0.06191512188954096
3,2,FL,elasticnet,0.8010398895117393,0.39352919446241563,0.05997063166188465
3,3,Local,elasticnet,0.8519782273133479,0.7656586265529038,0.07063078224908105
3,3,Centralized,elasticnet,0.8741571208059143,0.8108727813054541,0.04708770818688913
3,3,FL,elasticnet,0.8745633276464375,0.702370339991816,0.0767492513176865
3,4,Local,elasticnet,0.8414980908278495,0.5802664676425603,0.06673638921126168
3,4,Centralized,elasticnet,0.8622146396945325,0.7998382970408678,0.027033178067197235
3,4,FL,elasticnet,0.8591274677065561,0.8622366331675442,0.025059622606038605
3,5,Local,elasticnet,0.7622549019607843,1.0753235904809828,-0.026850908925269725
3,5,Centralized,elasticnet,0.7728494623655914,0.8330652169069387,0.04316906032313866
3,5,FL,elasticnet,0.7720588235294118,0.947168728333635,0.049368545435516976
4,1,Local,elasticnet,0.8219412166780588,0.30084062787991156,0.1915169477121574
4,1,Centralized,elasticnet,0.8338602187286398,0.24330153378556255,0.2052765029118241
4,1,FL,elasticnet,0.8304853041695147,0.4953698140428079,0.17623560737223734
4,2,Local,elasticnet,0.8685521944395873,1.0256911428477338,0.11367746292664858
4,2,Centralized,elasticnet,0.8736667249519147,0.7081724989280683,0.25435515447768664
4,2,FL,elasticnet,0.8708253191117328,0.7384843529292027,0.2086725125601615
4,3,Local,elasticnet,0.82453226088477,0.7818994455425079,-0.004361272271803794
4,3,Centralized,elasticnet,0.8294282217170834,0.7984380592884756,0.02729010272509904
4,3,FL,elasticnet,0.8225214198286414,0.9947920305392327,0.01730259937969788
4,4,Local,elasticnet,0.8104126595558664,1.3641260552965475,-0.09621539854514782
4,4,Centralized,elasticnet,0.8109809407239028,1.5721756520923555,-0.06914229833712984
4,4,FL,elasticnet,0.8087078160517573,1.3459571928607406,-0.06494119740836
4,5,Local,elasticnet,0.8382126348228043,0.9844065597404151,-0.01839525761411583
4,5,Centralized,elasticnet,0.836372196541688,1.049647296951016,0.08683962281634404
4,5,FL,elasticnet,0.8314500941619586,1.096306036769941,0.04874815171045201
5,1,Local,elasticnet,0.7953759723422644,0.7533390348986342,0.05054257297793317
5,1,Centralized,elasticnet,0.8085566119273985,0.5328136511680902,0.04773811672078288
5,1,FL,elasticnet,0.8090968020743302,0.5786605900752246,0.07882590867329906
5,2,Local,elasticnet,0.839019300991132,1.2753521031543709,0.004508632629516476
5,2,Centralized,elasticnet,0.8264997391757956,1.2584108471043218,0.01113706298747923
5,2,FL,elasticnet,0.8264997391757956,1.2791766266424678,0.025677492880640553
5,3,Local,elasticnet,0.8347417840375587,1.3786157925975118,-0.042701236425216164
5,3,Centralized,elasticnet,0.854564423578508,1.6516179864024838,-0.0649730106620211
5,3,FL,elasticnet,0.8553990610328639,1.6388901047874425,-0.02613517249842741
5,4,Local,elasticnet,0.778925404277517,1.2434057651436978,-0.11975384588804774
5,4,Centralized,elasticnet,0.7730829420970265,1.2224957485528578,-0.04393372858471705
5,4,FL,elasticnet,0.7709963484611372,1.239261693338947,0.009445048734191962
5,5,Local,elasticnet,0.8470205850487541,0.057793587152114294,0.198017790284108
5,5,Centralized,elasticnet,0.8594799566630552,0.10937149110213175,0.18907667502859557
5,5,FL,elasticnet,0.8577464788732394,0.12420812666426442,0.19004480134877594
6,1,Local,elasticnet,0.8392809939201692,1.624551524644526,-0.11260971561024087
6,1,Centralized,elasticnet,0.8314829500396511,1.1356213714721495,0.0482927198630898
6,1,FL,elasticnet,0.8301612476870209,0.9976737412425737,0.035815950426809
6,2,Local,elasticnet,0.8158868622786148,0.9470177775306926,-0.04247279831230484
6,2,Centralized,elasticnet,0.7975151995770553,1.1907632040152065,-0.08590997512170372
6,2,FL,elasticnet,0.8004229447528417,0.9495015123049649,-0.08983427663318581
6,3,Local,elasticnet,0.764367816091954,0.9209661130177752,-0.0031465418930867375
6,3,Centralized,elasticnet,0.7842911877394636,0.5172213299048807,0.06964628207452232
6,3,FL,elasticnet,0.786845466155811,0.9457165377763869,0.02533038598894925
6,4,Local,elasticnet,0.7328224776500638,1.2227983124592718,-0.07247652726704698
6,4,Centralized,elasticnet,0.7457215836526181,1.3897865650512211,-0.04414532136967765
6,4,FL,elasticnet,0.749808429118774,1.3976707048422163,-0.0364854304236243
6,5,Local,elasticnet,0.7277139208173691,0.4537564643236783,0.06922154201768028
6,5,Centralized,elasticnet,0.7895274584929758,0.3805201051241685,0.12651307034867956
6,5,FL,elasticnet,0.7877394636015326,0.36048251947302856,0.1258947819416152
7,1,Local,elasticnet,0.7744574020084224,0.9397187096533761,-0.013143280177393208
7,1,Centralized,elasticnet,0.7947845804988662,1.141601043490687,-0.05353399528732265
7,1,FL,elasticnet,0.7953109815354713,1.0092264629337406,-0.02417990438477395
7,2,Local,elasticnet,0.8572643343051506,1.251819374746391,-0.01145775000981201
7,2,Centralized,elasticnet,0.8477891156462585,1.263122071027499,-0.033005876290460215
7,2,FL,elasticnet,0.8503806284418529,1.2031461397286056,-0.00901777072513993
7,3,Local,elasticnet,0.8185536119209589,0.9097783366749816,0.0038360373018833487
7,3,Centralized,elasticnet,0.8325639779721412,1.0300743370637098,-0.010495880661958586
7,3,FL,elasticnet,0.8320375769355361,0.8808650513966623,0.012843829264655672
7,4,Local,elasticnet,0.8259232264334305,-0.03334692497923674,0.19872173468714655
7,4,Centralized,elasticnet,0.8111839974084872,0.2477966229498153,0.1633902026703727
7,4,FL,elasticnet,0.8114269517330742,0.03213612214265203,0.18704479861141604
7,5,Local,elasticnet,0.7639554692761776,0.5751976209242741,0.0161409266800815
7,5,Centralized,elasticnet,0.782219404936413,0.8247314708222323,-0.016270252933186357
7,5,FL,elasticnet,0.7762766926825403,0.8326192669585315,0.0023800288870366943
8,1,Local,elasticnet,0.818199344515134,0.9759066494580857,0.06027992231525788
8,1,Centralized,elasticnet,0.8215249662618084,0.26026723509149025,0.2050077465290779
8,1,FL,elasticnet,0.818102949681897,0.34617555807348804,0.17218781189629417
8,2,Local,elasticnet,0.8141768141768142,0.7229432161171077,0.04918633245853065
8,2,Centralized,elasticnet,0.8287793287793288,0.7212500424099311,0.0305930445858775
8,2,FL,elasticnet,0.8266013266013266,0.6761842502935675,0.02967311684637218
8,3,Local,elasticnet,0.8961488961488961,0.6191472846158544,0.05294816106057878
8,3,Centralized,elasticnet,0.9115929115929116,0.442062663944082,0.1612387217681873
8,3,FL,elasticnet,0.9102069102069102,0.4159498353362575,0.18061610189464194
8,4,Local,elasticnet,0.8118300338000966,1.3689283975782158,-0.06155306687754301
8,4,Centralized,elasticnet,0.8222597778850796,1.4127926203301095,-0.10857118330257182
8,4,FL,elasticnet,0.8194109126026075,1.3480788125678644,-0.07999121305990355
8,5,Local,elasticnet,0.7873008208594882,0.6034135479658912,0.022034487180749653
8,5,Centralized,elasticnet,0.7835828102366007,0.873880712858662,-0.034908195668973394
8,5,FL,elasticnet,0.7831482375663931,0.8552127273883938,-0.05538466939558787
9,1,Local,elasticnet,0.8081609195402298,1.1778064178582413,-0.10143125651317471
9,1,Centralized,elasticnet,0.8133333333333334,1.268646966999159,-0.07188783205800271
9,1,FL,elasticnet,0.8082758620689655,1.2908358255865504,-0.07213092481805033
9,2,Local,elasticnet,0.8119923371647509,0.4205804655810961,0.18068979625349402
9,2,Centralized,elasticnet,0.8004980842911877,0.48320352673702605,0.19666780138251058
9,2,FL,elasticnet,0.7955555555555556,0.5796162579628512,0.16593057849976858
9,3,Local,elasticnet,0.8336015325670498,0.8669698518031337,-0.00231113189061417
9,3,Centralized,elasticnet,0.8439846743295019,1.193890877658563,-0.04800121937868163
9,3,FL,elasticnet,0.843103448275862,1.2419299163142885,-0.04093410359190379
9,4,Local,elasticnet,0.8339666090961427,0.8283368025429959,0.04894393607696022
9,4,Centralized,elasticnet,0.8265975820379965,0.929583250648473,0.03381614459331932
9,4,FL,elasticnet,0.8222606025714834,0.9403657286299675,0.04482277277729069
9,5,Local,elasticnet,0.8583072100313479,1.1467317304675162,-0.01107742688273652
9,5,Centralized,elasticnet,0.8543103448275862,1.7505232239702193,-0.1006518250105414
9,5,FL,elasticnet,0.852782131661442,1.6750181362320464,-0.061845306411286195
10,1,Local,elasticnet,0.7298785425101214,0.7919240976991406,-0.036125569664462225
10,1,Centralized,elasticnet,0.782834008097166,0.6362122855912965,0.013521126086082825
10,1,FL,elasticnet,0.7876923076923077,0.9235799380976394,-0.055551643865568864
10,2,Local,elasticnet,0.8017813765182186,0.3705540983936724,0.0778444007997548
10,2,Centralized,elasticnet,0.7768421052631579,0.2040914232604413,0.05524499175978117
10,2,FL,elasticnet,0.7823481781376518,0.28246378480755374,0.03096392774411234
10,3,Local,elasticnet,0.8302469135802469,0.23176884722433377,0.12886551749668015
10,3,Centralized,elasticnet,0.7930474333983106,0.4994128756330367,0.04729636885751744
10,3,FL,elasticnet,0.791585445094217,0.40972657798999473,0.054961091978891805
10,4,Local,elasticnet,0.8528265107212476,1.7742696992111873,-0.09312273743636486
10,4,Centralized,elasticnet,0.8601364522417154,1.1645179809377628,-0.05074898088024172
10,4,FL,elasticnet,0.8565627030539311,1.1559619957556788,-0.020165253215884926
10,5,Local,elasticnet,0.8372319688109162,1.2019533271627554,-0.14729250091409823
10,5,Centralized,elasticnet,0.8162768031189084,1.0482001290801828,-0.13151085317497926
10,5,FL,elasticnet,0.8188758934372969,0.8832051995597188,-0.09701589145985984
11,1,Local,elasticnet,0.7955964325529543,1.1010659115762764,-0.07156967652494886
11,1,Centralized,elasticnet,0.7950947603121516,1.167672753200668,-0.023359482530259254
11,1,FL,elasticnet,0.7926421404682275,1.1390356696174273,0.023785012755377408
11,2,Local,elasticnet,0.8735697940503433,0.8751969134048457,0.041171513524121045
11,2,Centralized,elasticnet,0.8790617848970251,1.0980891556410401,0.013411804183493999
11,2,FL,elasticnet,0.8776315789473684,1.0099137477281956,0.0403502824677189
11,3,Local,elasticnet,0.8571510297482837,1.4617046667560594,-0.057907321683876675
11,3,Centralized,elasticnet,0.8564645308924486,0.982856447444978,0.0030926791765806655
11,3,FL,elasticnet,0.8588100686498856,0.7411814149229587,0.05559490565094636
11,4,Local,elasticnet,0.8183066361556064,0.39626847089328615,0.08799416530161235
11,4,Centralized,elasticnet,0.8027459954233409,-0.022200714701688783,0.18260431926011753
11,4,FL,elasticnet,0.8068649885583524,-0.004335117687066682,0.2564470546791137
11,5,Local,elasticnet,0.8074370709382152,0.971285917167625,-0.08169921827896896
11,5,Centralized,elasticnet,0.8192219679633868,1.1828975241554456,-0.08886640728009082
11,5,FL,elasticnet,0.8179633867276888,1.1983389699518523,-0.09456969857349216
12,1,Local,elasticnet,0.8553268765133172,1.1871505353258422,-0.04948025864372041
12,1,Centralized,elasticnet,0.8552225098104701,1.1714057967595102,-0.0853871398337575
12,1,FL,elasticnet,0.8559739500709693,1.1878484812733285,-0.09530583348920657
12,2,Local,elasticnet,0.8444727394172163,0.8675850538159013,0.05898702637087015
12,2,Centralized,elasticnet,0.8499624279869751,0.8161887627842301,0.04747664122170931
12,2,FL,elasticnet,0.8488143942556566,0.8082939762342803,0.09566973267238131
12,3,Local,elasticnet,0.843065228469509,0.7435723190637084,0.05382725733784222
12,3,Centralized,elasticnet,0.8452734839476813,0.29416919707657196,0.1306304325225512
12,3,FL,elasticnet,0.8462502123322575,0.22748928075429184,0.13082790255858026
12,4,Local,elasticnet,0.7677067441325838,0.263668543280594,0.16543014771184514
12,4,Centralized,elasticnet,0.7790967418336852,0.5270029634335633,0.07165519909573531
12,4,FL,elasticnet,0.7789922464419319,0.4386551322796787,0.138084810827053
12,5,Local,elasticnet,0.8196200547555853,1.2400032167284238,-0.061197882539195336
12,5,Centralized,elasticnet,0.8167359819431963,1.173917639816808,-0.05164836501831558
12,5,FL,elasticnet,0.8129323496833789,1.0393843705254031,-0.05072273075357286
13,1,Local,elasticnet,0.7570718654434251,1.27841030602571,-0.1740948358271423
13,1,Centralized,elasticnet,0.7780007645259939,1.4881922008278967,-0.15748462675446007
13,1,FL,elasticnet,0.7827790519877675,1.3715483338437997,-0.1285543011294567
13,2,Local,elasticnet,0.8519540229885058,0.8557201365681825,0.00943451896685282
13,2,Centralized,elasticnet,0.8466206896551725,0.6802260063742919,0.011212045257738579
13,2,FL,elasticnet,0.8536091954022988,0.5689353926789558,0.05642508300501202
13,3,Local,elasticnet,0.7574712643678161,1.0095996091201629,-0.04110746944023714
13,3,Centralized,elasticnet,0.8111111111111111,1.8443619489618421,-0.1397054448933478
13,3,FL,elasticnet,0.8020114942528735,1.760569530823607,-0.11186616795854387
13,4,Local,elasticnet,0.9104406130268199,0.5837611399203904,0.11136816215748586
13,4,Centralized,elasticnet,0.9020114942528735,0.680492991596988,0.025851968228175887
13,4,FL,elasticnet,0.9008620689655172,0.6882188424184408,0.07083373548567291
13,5,Local,elasticnet,0.8155172413793104,0.48103330274571887,0.04938063954015998
13,5,Centralized,elasticnet,0.83227969348659,0.7686223569106067,0.00527709697318898
13,5,FL,elasticnet,0.8295019157088123,0.6900731736884836,0.0024429347333836493
14,1,Local,elasticnet,0.8582184325108854,1.2338520972760576,0.04377515721270531
14,1,Centralized,elasticnet,0.8726112723754234,1.3366909555595168,0.001495497232499808
14,1,FL,elasticnet,0.8701620706337687,1.3101927128624682,0.030741188745290558
14,2,Local,elasticnet,0.7697447992259313,0.850165935220002,-0.03742933821827484
14,2,Centralized,elasticnet,0.7647254475084664,0.8687996885177395,-0.02500404140264254
14,2,FL,elasticnet,0.7637276245766812,0.8534181350416526,-0.020051301973648395
14,3,Local,elasticnet,0.7655966081162932,0.75645952817867,-0.033225640492830326
14,3,Centralized,elasticnet,0.7768927922471229,0.911281172484362,-0.047651453617845625
14,3,FL,elasticnet,0.7775590551181102,0.9478176427684134,-0.0840730983318969
14,4,Local,elasticnet,0.8081465778316173,1.2542143575918305,-0.026613191010582453
14,4,Centralized,elasticnet,0.8227437916414294,1.3371439754788597,-0.043281118528654385
14,4,FL,elasticnet,0.8217443973349485,1.374708326738806,-0.018343050368695674
14,5,Local,elasticnet,0.8384312537855845,1.0362133861984606,0.04198565551809753
14,5,Centralized,elasticnet,0.8463961235614779,0.8944276653466006,0.07776111615428846
14,5,FL,elasticnet,0.8460629921259842,0.8892352733808786,0.08966516661785856
15,1,Local,elasticnet,0.8443631526438311,1.289883450625392,-0.08755134508822951
15,1,Centralized,elasticnet,0.8581975390754906,1.370474313873666,-0.09405509617902677
15,1,FL,elasticnet,0.8609245094778849,1.295614136510556,-0.11480582536467661
15,2,Local,elasticnet,0.7735270594508131,0.8761967592100752,0.008801152885889497
15,2,Centralized,elasticnet,0.7821247667288723,1.3014703844954505,-0.14310072202623805
15,2,FL,elasticnet,0.7808584377499334,1.3013955787033065,-0.14043833037620337
15,3,Local,elasticnet,0.76712876566249,1.374922881151339,-0.05038078895927594
15,3,Centralized,elasticnet,0.7667955211943481,2.124276779969794,-0.1864464740843232
15,3,FL,elasticnet,0.7593308451079712,1.9111120939969426,-0.15370682640812264
15,4,Local,elasticnet,0.7505998400426553,0.8669463683460552,-0.04759229588906852
15,4,Centralized,elasticnet,0.7849240202612636,0.9144175171930213,-0.028818604450470266
15,4,FL,elasticnet,0.7811916822180752,0.8985460887274493,-0.007863327231352349
15,5,Local,elasticnet,0.7951879498800319,0.5928116111927761,0.06555357214250684
15,5,Centralized,elasticnet,0.81851506264996,0.7083654681152305,0.05316644507374659
15,5,FL,elasticnet,0.8153825646494268,0.7669071057962077,0.07006778785424486
16,1,Local,elasticnet,0.621806167400881,0.1563502164667703,0.07543409429572831
16,1,Centralized,elasticnet,0.6638766519823789,-0.14226381312034433,0.12543311477187352
16,1,FL,elasticnet,0.6579295154185022,-0.17149279941098383,0.17651610360419273
16,2,Local,elasticnet,0.8096452585207512,1.0194984231065733,-0.07770542907021061
16,2,Centralized,elasticnet,0.8877811268258753,0.7829236491193514,0.06037817755325994
16,2,FL,elasticnet,0.8863899837699977,0.7741464782308569,0.08670790453131068
16,3,Local,elasticnet,0.7734513274336283,0.4540573991783646,0.0732842155514077
16,3,Centralized,elasticnet,0.8053097345132744,0.18249796807580923,0.11839786399606346
16,3,FL,elasticnet,0.8057522123893806,0.5783757174091456,0.08222049807332922
16,4,Local,elasticnet,0.7400442477876106,0.7066691639479709,0.03358468884009464
16,4,Centralized,elasticnet,0.7623893805309735,1.8739814026083783,-0.14234661550947972
16,4,FL,elasticnet,0.7566371681415929,1.8161448429372828,-0.1059119195116976
16,5,Local,elasticnet,0.7157079646017699,0.9366597115156745,-0.1417917989510772
16,5,Centralized,elasticnet,0.7805309734513274,0.9046281136344082,-0.12017447484406453
16,5,FL,elasticnet,0.7783185840707965,1.042183509570708,-0.1080032467336671
